feature,F_score,p_value,comparison
wav_0_std,3197.27477307941,0.0,F_vs_N
wavelet_entropy,943.6927538659779,7.494708355886087e-207,F_vs_N
std,863.8323752674793,1.4919434608954553e-189,F_vs_N
local_heart_rate,791.7091689898994,6.353332506872043e-174,F_vs_N
heart_rate,786.4827664659679,8.626046900230284e-173,F_vs_N
wav_4_std,784.7987998002244,1.999007999958954e-172,F_vs_N
rr_interval,769.9584859566181,3.2932619963258144e-169,F_vs_N
max,759.0040651826315,7.803631049282118e-167,F_vs_N
wav_0_energy_ratio,758.9183265623645,8.144857650844253e-167,F_vs_N
signal_energy,735.2899619162196,1.0801477064555565e-161,F_vs_N
r_peak_to_mean,707.3640366192058,1.2265632279673659e-155,F_vs_N
mean_rr,650.3970888656463,2.7798671663244642e-143,F_vs_N
wav_1_energy_ratio,606.2323441540464,1.0611308083814191e-133,F_vs_N
r_peak_amplitude,574.7957895971875,7.043292173115004e-127,F_vs_N
ptp,533.8978074560151,5.311696764318347e-118,F_vs_N
rms,477.7313403266727,8.343615407864124e-106,F_vs_N
next_rr,456.96044355744965,2.7101806828474273e-101,F_vs_N
zero_crossing_rate,451.19165100657887,4.854891394747351e-100,F_vs_N
max_slope,413.83865711988204,6.34048520489605e-92,F_vs_N
absolute_area,393.09389342446065,2.045189160440158e-87,F_vs_N
wav_2_energy_ratio,376.3980522201461,8.710871633088478e-84,F_vs_N
wav_0_energy,371.6657801194664,9.308455047066074e-83,F_vs_N
slope_std,358.64159674242086,6.319336743453316e-80,F_vs_N
spectral_energy,288.3890602066425,1.2116552487622678e-64,F_vs_N
mean_abs_slope,281.9586364295363,3.041007900027264e-63,F_vs_N
min_slope,248.05731507128732,7.319741534154177e-56,F_vs_N
prev_rr,229.94182373943175,6.469027689720567e-52,F_vs_N
wav_3_std,222.46704954073581,2.7518667360625372e-50,F_vs_N
wav_3_energy_ratio,216.50792458910396,5.474629926537943e-49,F_vs_N
spectral_bandwidth,206.24972366879462,9.429191090468988e-47,F_vs_N
wav_4_energy,196.4077554188838,1.319599392493093e-44,F_vs_N
spectral_centroid,122.59028180484572,1.7403278640093582e-28,F_vs_N
skewness,120.9874188328697,3.902408948701908e-28,F_vs_N
wav_1_mean,95.60347250376297,1.4165606225308043e-22,F_vs_N
rr_ratio,95.37101375817736,1.592985605328278e-22,F_vs_N
wav_0_mean,93.9103890301472,3.330788018359373e-22,F_vs_N
wav_3_energy,88.00521712023165,6.579339568732596e-21,F_vs_N
dominant_freq,85.80055310501007,2.005128916386006e-20,F_vs_N
rr_deviation_ratio,82.5860116637082,1.0186907266930429e-19,F_vs_N
mean,68.89081064895078,1.0457043762846915e-16,F_vs_N
wav_2_energy,62.202992742894594,3.110378463518829e-15,F_vs_N
kurtosis,51.482770495992504,7.242435231687963e-13,F_vs_N
rr_deviation,43.6676303957661,3.899205110198509e-11,F_vs_N
wav_2_mean,30.431128125898663,3.4626861206552956e-08,F_vs_N
r_peak_position,27.11063791690962,1.9228704482149886e-07,F_vs_N
qrs_width,26.838039771189273,2.214079248044231e-07,F_vs_N
next_rr_ratio,19.287118062259214,1.1250798730066302e-05,F_vs_N
wav_1_energy,14.48797965932215,0.00014108988911628876,F_vs_N
wav_2_std,13.850257986435553,0.00019801226187503748,F_vs_N
wav_1_std,6.518602109460064,0.010675767624840468,F_vs_N
wav_4_mean,3.950069175031197,0.046870514338193246,F_vs_N
wav_4_energy_ratio,3.776081149908186,0.051991396195285956,F_vs_N
wav_3_mean,0.322231212764322,0.5702703453866232,F_vs_N
min,0.0002904539882177347,0.9864025558967654,F_vs_N
signal_energy,3702.3063274980886,0.0,F_vs_SVEB
wav_0_std,2963.861061297174,0.0,F_vs_SVEB
wav_4_std,2776.497833302144,0.0,F_vs_SVEB
spectral_energy,2747.4717030158076,0.0,F_vs_SVEB
wav_0_energy,2713.7893536280862,0.0,F_vs_SVEB
wavelet_entropy,2552.531071094002,0.0,F_vs_SVEB
wav_0_energy_ratio,1719.350732134887,0.0,F_vs_SVEB
wav_1_energy_ratio,1412.6419845317937,3.466452925849727e-296,F_vs_SVEB
absolute_area,1039.2371876097666,7.087192632498978e-221,F_vs_SVEB
wav_0_mean,1031.8152518246686,2.314517649360702e-219,F_vs_SVEB
wav_4_energy,978.7606072034488,1.6097976214261435e-208,F_vs_SVEB
rr_deviation_ratio,944.4899011440132,1.6940562420470353e-201,F_vs_SVEB
zero_crossing_rate,860.9675655839056,2.5375512486476336e-184,F_vs_SVEB
next_rr_ratio,830.7583802281617,4.347923093231871e-178,F_vs_SVEB
rr_deviation,787.06061962804,4.7441401864688905e-169,F_vs_SVEB
mean,681.6380333012914,3.8154843383473776e-147,F_vs_SVEB
max_slope,667.0465717104797,4.2155126234711805e-144,F_vs_SVEB
slope_std,628.634422663577,4.464401629881184e-136,F_vs_SVEB
rms,591.0274893715856,3.352762256916398e-128,F_vs_SVEB
wav_2_energy_ratio,566.5976929949167,4.4835300752956794e-123,F_vs_SVEB
r_peak_to_mean,534.5803405092008,2.4107881095592682e-116,F_vs_SVEB
mean_abs_slope,503.3409554046103,9.175002304276812e-110,F_vs_SVEB
wav_1_mean,492.17310760256316,2.0812158361163745e-107,F_vs_SVEB
std,462.2767832740012,4.295900372317478e-101,F_vs_SVEB
min_slope,439.8145759515052,2.430865635131864e-96,F_vs_SVEB
spectral_bandwidth,415.74146805458565,3.0706117832302107e-91,F_vs_SVEB
max,413.91647209841545,7.486972206474408e-91,F_vs_SVEB
r_peak_amplitude,365.273305846783,1.6189335132838408e-80,F_vs_SVEB
next_rr,361.78730951763083,8.937247512558683e-80,F_vs_SVEB
spectral_centroid,352.4333575150158,8.770584485311267e-78,F_vs_SVEB
wav_3_energy_ratio,327.9943119070826,1.4230895003748031e-72,F_vs_SVEB
ptp,323.0906748465315,1.583921031325635e-71,F_vs_SVEB
wav_3_std,282.15913398462646,8.9033039012369e-63,F_vs_SVEB
skewness,265.42110147997073,3.429424312972394e-59,F_vs_SVEB
heart_rate,188.3045712883411,1.3083066823101311e-42,F_vs_SVEB
rr_ratio,180.30918710886073,6.951536601345314e-41,F_vs_SVEB
dominant_freq,159.75432644868008,1.9217456004639526e-36,F_vs_SVEB
rr_interval,138.98257568506887,6.047220868310916e-32,F_vs_SVEB
mean_rr,108.8820368621103,2.08305636328506e-25,F_vs_SVEB
wav_3_energy,95.70345869797443,1.5463097861202235e-22,F_vs_SVEB
r_peak_position,69.8995916647487,6.754926899895647e-17,F_vs_SVEB
wav_4_energy_ratio,56.28732330352141,6.594514017944881e-14,F_vs_SVEB
prev_rr,50.91346950056933,1.0072180437557568e-12,F_vs_SVEB
wav_2_energy,46.227176592136836,1.0907801282822766e-11,F_vs_SVEB
wav_2_mean,43.15636219902236,5.2114156638066396e-11,F_vs_SVEB
wav_1_std,19.54636256460768,9.884232662438612e-06,F_vs_SVEB
qrs_width,13.18872744744528,0.0002825289095642051,F_vs_SVEB
wav_1_energy,11.330406506132917,0.0007642986239867747,F_vs_SVEB
min,9.831263320358907,0.0017188493409840105,F_vs_SVEB
wav_4_mean,9.52927022679226,0.002025705213669381,F_vs_SVEB
local_heart_rate,3.634934703945496,0.05659694471857634,F_vs_SVEB
wav_2_std,1.2145016478779738,0.27045919674463703,F_vs_SVEB
wav_3_mean,0.40635334676863166,0.5238354660528957,F_vs_SVEB
kurtosis,0.00634400763431995,0.9365172094199732,F_vs_SVEB
kurtosis,4762.870880071795,0.0,F_vs_VEB
skewness,1898.5817198057887,0.0,F_vs_VEB
rr_deviation_ratio,1669.9854890745646,0.0,F_vs_VEB
next_rr_ratio,1192.8519328036514,3.7547372022676074e-253,F_vs_VEB
wav_2_energy,812.5705799261049,7.508148499047022e-175,F_vs_VEB
next_rr,766.9449537498679,2.390890145934484e-165,F_vs_VEB
wav_4_std,748.9058677429199,1.387908977264976e-161,F_vs_VEB
wav_1_mean,721.2145512280821,8.45980168365692e-156,F_vs_VEB
r_peak_to_mean,580.4759281449332,2.9331732587699072e-126,F_vs_VEB
min,539.3917667428873,1.364253658992911e-117,F_vs_VEB
r_peak_amplitude,504.92807015111146,2.6392941043855792e-110,F_vs_VEB
mean_abs_slope,462.4186064784237,2.6869689953133334e-101,F_vs_VEB
qrs_width,449.34892477017956,1.5967832447314666e-98,F_vs_VEB
spectral_centroid,433.6959907372499,3.375481250609398e-95,F_vs_VEB
heart_rate,430.0468837727892,2.0134705788758268e-94,F_vs_VEB
wav_2_std,404.95290001245206,4.387358904909868e-89,F_vs_VEB
spectral_bandwidth,380.43915523002045,7.325551264776127e-84,F_vs_VEB
slope_std,366.7898788483017,5.973126188142141e-81,F_vs_VEB
dominant_freq,339.48113572420846,4.0597396641048614e-75,F_vs_VEB
zero_crossing_rate,326.8185106025331,2.0712792908454353e-72,F_vs_VEB
wav_4_energy_ratio,265.4077686180944,3.018246977332527e-59,F_vs_VEB
local_heart_rate,244.72953677399062,8.403598450633055e-55,F_vs_VEB
wav_4_energy,208.5563190356818,5.196402162387701e-47,F_vs_VEB
std,142.4374304011673,1.0367729818749383e-32,F_vs_VEB
wav_0_mean,122.37438688230273,2.359112727407927e-28,F_vs_VEB
rms,119.17378425266065,1.1715026589094728e-27,F_vs_VEB
r_peak_position,118.35771915308477,1.7629747915907855e-27,F_vs_VEB
max_slope,117.38757702139378,2.8660624419606268e-27,F_vs_VEB
min_slope,99.48719270487841,2.2704061903353908e-23,F_vs_VEB
rr_ratio,98.575733160752,3.5883158092732956e-23,F_vs_VEB
max,97.98487815262702,4.8280249909030075e-23,F_vs_VEB
absolute_area,87.85642950069814,7.850983850967059e-21,F_vs_VEB
wav_3_std,85.00109088597192,3.3034899696171535e-20,F_vs_VEB
rr_deviation,82.1394616846487,1.3954999483372011e-19,F_vs_VEB
mean,76.98631179313979,1.872713267023358e-18,F_vs_VEB
mean_rr,61.1239506771986,5.653515583183716e-15,F_vs_VEB
wav_3_energy_ratio,47.955964320386364,4.506171166318136e-12,F_vs_VEB
ptp,36.4951251203773,1.5605853487832503e-09,F_vs_VEB
wav_1_energy_ratio,33.33617149746505,7.880359528422194e-09,F_vs_VEB
wav_3_energy,31.334433464431907,2.2036106700399395e-08,F_vs_VEB
spectral_energy,30.03184741295955,4.307143427866181e-08,F_vs_VEB
wav_0_energy_ratio,21.015285071578187,4.5869817434019195e-06,F_vs_VEB
prev_rr,17.687908584360027,2.6153452979031382e-05,F_vs_VEB
wav_0_std,16.701207216608204,4.394284667677195e-05,F_vs_VEB
rr_interval,7.110980110349995,0.007668169954414784,F_vs_VEB
wav_0_energy,4.512049962197447,0.033670474526683876,F_vs_VEB
signal_energy,4.223136907541102,0.03989077458675442,F_vs_VEB
wav_2_mean,4.024453288632424,0.04486008676448672,F_vs_VEB
wav_2_energy_ratio,3.7339262698479176,0.05333359708444241,F_vs_VEB
wavelet_entropy,2.4579875586844055,0.11694608499654524,F_vs_VEB
wav_4_mean,2.4480266021118577,0.1176903021919434,F_vs_VEB
wav_1_energy,0.8356128426295952,0.360666767047317,F_vs_VEB
wav_3_mean,0.27133065764284503,0.6024469574906489,F_vs_VEB
wav_1_std,0.11654996254211321,0.7328108671594813,F_vs_VEB
max_slope,1754.912516192291,0.0,F_vs_Q
skewness,1406.3099390688337,1.9164749463230747e-290,F_vs_Q
r_peak_to_mean,1295.4651104758727,6.821250193323748e-269,F_vs_Q
r_peak_amplitude,1136.3682959130192,1.2544278032061675e-237,F_vs_Q
kurtosis,1033.0357188167611,4.155074447865087e-217,F_vs_Q
max,899.7337922371142,2.212701282342121e-190,F_vs_Q
wav_3_std,721.7621097980219,3.0672634456732945e-154,F_vs_Q
qrs_width,621.7519372121429,1.0806376354141425e-133,F_vs_Q
next_rr,575.4290120154354,4.073535804372541e-124,F_vs_Q
mean_rr,454.2603131871356,6.936594878725875e-99,F_vs_Q
min,334.70373645996443,1.0092582635294346e-73,F_vs_Q
wav_3_energy,277.37938642896404,1.4725521470131198e-61,F_vs_Q
wav_4_std,244.88744763148696,1.238580229342828e-54,F_vs_Q
prev_rr,243.32487374147303,2.670037450386671e-54,F_vs_Q
wav_4_energy,224.63734304709666,2.6318549868127647e-50,F_vs_Q
wav_4_energy_ratio,212.3383886538272,1.1296700115751487e-47,F_vs_Q
rr_interval,205.97404775157645,2.6100466096495015e-46,F_vs_Q
spectral_centroid,196.26019380627318,3.161349546491514e-44,F_vs_Q
spectral_bandwidth,163.80395739154756,2.9995369501000743e-37,F_vs_Q
wav_2_std,153.85900010139582,4.1720601161136804e-35,F_vs_Q
min_slope,142.30262865771147,1.3011953572011364e-32,F_vs_Q
wav_2_energy,134.76222708952255,5.542576828619752e-31,F_vs_Q
wav_1_std,106.98208083083743,5.781537843316381e-25,F_vs_Q
wav_2_mean,102.59750375263278,5.1804620464079e-24,F_vs_Q
mean_abs_slope,97.42256279485585,6.90739192973925e-23,F_vs_Q
r_peak_position,92.63262188635507,7.612642862812234e-22,F_vs_Q
wav_3_energy_ratio,89.05401762346963,4.579597798869374e-21,F_vs_Q
zero_crossing_rate,88.31404070109775,6.638021584214422e-21,F_vs_Q
slope_std,57.58021850969857,3.495512916806259e-14,F_vs_Q
wav_1_energy,48.79981518670946,2.9914088953355684e-12,F_vs_Q
local_heart_rate,46.473326653085785,9.752975787876796e-12,F_vs_Q
wav_1_energy_ratio,41.9237018760795,9.877741307782608e-11,F_vs_Q
next_rr_ratio,37.374165429740444,1.0067209195458205e-09,F_vs_Q
wavelet_entropy,24.25017989456882,8.577717896481635e-07,F_vs_Q
spectral_energy,20.43990751881924,6.214925620326666e-06,F_vs_Q
rr_deviation_ratio,15.085875874920816,0.0001033054159466746,F_vs_Q
rr_deviation,12.778008819984064,0.00035215771537733286,F_vs_Q
ptp,12.632880021013914,0.0003805437321545688,F_vs_Q
wav_0_energy_ratio,12.394830479649453,0.0004321935074893542,F_vs_Q
wav_2_energy_ratio,12.381537376237159,0.0004352779767679316,F_vs_Q
wav_0_energy,11.531731989264443,0.000686501442590647,F_vs_Q
rr_ratio,8.167785710298421,0.0042717645493364756,F_vs_Q
wav_1_mean,8.16712759793446,0.00427331369681321,F_vs_Q
dominant_freq,6.810309924693709,0.009075065964987656,F_vs_Q
wav_3_mean,6.678419886805577,0.009770941384689875,F_vs_Q
absolute_area,6.434893324275572,0.011203118917927397,F_vs_Q
wav_0_mean,5.358593793379036,0.02063794590611764,F_vs_Q
rms,3.9806313538679667,0.0460499062143406,F_vs_Q
heart_rate,3.5745807397076548,0.05869541897657419,F_vs_Q
mean,3.329969343196207,0.06805411970257606,F_vs_Q
std,0.46600423453272666,0.494844949279873,F_vs_Q
wav_4_mean,0.4659144757464509,0.49488650348818003,F_vs_Q
signal_energy,0.13297023942342573,0.715378772122076,F_vs_Q
wav_0_std,0.027402483584166956,0.8685242800068632,F_vs_Q
